macro,x,y,z,name,description,source
cluster_01_macro,0.0,0.0,0.0,Grand Exchange,"Shortly before the Jump Gate shutdown, when Gates would sporadically swap between active and inactive, in some systems on a daily bases, scientists across all races began to notice a worrying number of warp anomalies across all of Grand Exchange. Before they could be properly investigated, however, the Jump Gates to the system shut down completely.\n\nWhen the Gates reopened, scientists were quick to notice anomalies reappearing, though none as intense or frequent as previously. Though many resources have been dedicated to solving the mystery, none have yet been able to work out what is causing the anomalies.",
cluster_02_macro,15000000.0,0.0,25980000.0,Eighteen Billion,"This sector is named after a financial incident caused by the famous Teladi Isemados Sibasomos Nopileos IV in Company Pride. During his studies, Nopileos programmed an AutoBroker, which made a quick profit of 18 billion Credits on the stock market. Knowing that excess profits made before he turned 16 would be taken by the Teladi Company as payment for his education, Nopileos instead donated this money to a charity supporting Boron orphans. While the charity received more Credits than the Queendom of Boron's annual budget, Nopileos was expelled for hiding money from the Teladi Company. To this day, the Teladi are still astonished by the great achievement of an underling, but similarly shocked by the altruistic use of this capital. Following in Nopileos's steps, small groups of Teladi in this sector try to live by his example.\n\nA later marketing endeavour by the Teladi Company tried to tie the sector's name to the alleged 18 billion Teladi casualties in the first great Xenon conflict. The Teladi Company still claims that the sector's name is referring to this incident.",
cluster_03_macro,30000000.0,0.0,17320000.0,Memory of Profit,"Savaged by the same incursion that saw Scale Plate Green occupied by the Xenon, Memory of Profit was once an economic stronghold of the Teladi Company, even housing the headquarters of Nividium Mining and Manufacturing Corporation (PTNI). Though Teladi and Argon forces, and even a small contingent of Split ships, desperately tried to hold both systems, PTNI Headquarters was eventually lost.\n\nWhen the Jump Gates came back on line, Teladi Scouts from Eighteen Billion quickly recognised the signs of the conflict, and when they found no trace of Xenon activity within the system, immediately set about on a recolonization effort.",
cluster_04_macro,45000000.0,0.0,-25980000.0,Nopileos' Fortune,"Named after the patron of Teladi adventurousness, this system is where a majority of the refugees from the Xenon-ravaged Scale Plate Green found their new home. Its proximity to some of the network's main trading nodes proved vital for the survival of the pilgrim community in the early days following their arduous journey. Nopileos' Fortune has since become a neutral ground between traders and adventure-seekers of all factions and races, guaranteeing a wide range of individual freedoms.\n\nIn remembrance of the terrors that had been forever ingrained in their collective memory, an unwritten agreement was struck between the various syndicates, outfits and corporations of this region: in the face of external threats, all internal conflict is to be forgotten. Though at first this pact garnered little attention from the rest of the post-realignment Community, its more recent profit-oriented amendments have certainly begun to raise concerns.",
cluster_05_macro,0.0,0.0,-17320000.0,Path to Profit,"This system was only recently discovered and charted by the Teladi Company. The company did not hesitate to send out fleets of builders to claim the system when they first came across it, even before it was properly surveyed. They did so because they feared the possibility of a potential second Gate connecting this system to another faction who would lose no time claiming this system. Despite the rather hasty rush into uncertain territory, the risk seems to have paid off and the Teladi Company have established another avenue for profit.",
cluster_06_macro,-30000000.0,0.0,0.0,Black Hole Sun,"A famous hub of technical expertise before the Jump Gate shutdown, thanks largely to the people stationed there to stop the influx of Xenon activity from neighbouring Xenon Sector 472, Black Hole Sun now enjoys an extended era of peace. Still, its people have remained busy, attempting to build a self-sufficient community in case history repeats itself.\n\nThough the system finds itself cut off from Argon Federation space by the Antigone Republic, a constant stream of supplies pours into the area, with the Federation desperate to show that no colony of theirs will be left to fend for itself.",
cluster_07_macro,-105000000.0,0.0,43300000.0,The Reach,"As one of the first never-before-seen systems that fell into the lap of the Federation during the realignment, The Reach still holds a special status in Argon history. When the connection flickered into activation, Fleet Command immediately cast its net wide in an attempt to uncover potential Jump Gates leading further into the depths of space. To facilitate this grand expansionary effort, the newly discovered system was to be transformed into a densely colonised foothold; an initiative that was selflessly supported by many of the more influential, wealthy families of Argon Prime. After an initial dispute over equitable distribution of real estate which was settled by the Federal Presidency, officially tying these entitlements to unalterable obligations as part of the colonisation process, the system saw a steady influx of settlers. However, just a few months later, the spotlight of attention shifted away from the once-promising colony. As more and more gates began to reopen, federal interest in The Reach rapidly dwindled, transforming it into the quiescent backwater system of today. To budding explorers and entrepreneurs, this new status carries with it a number of obvious benefits, most notably including an as yet comfortable distance to any military threats, which allows them to test their skills in a relatively forgiving environment. Moreover, the comparatively long period since its discovery has given the local aristocrats ample opportunity to build up a quasi-feudal power structure, turning the system into a slow and steady supplier for the local economy.",
cluster_08_macro,-15000000.0,0.0,95260000.0,Silent Witness,"Silent Witness has established itself as vitally important to galactic trade, as its ring highway is the main connection between Argon and Teladi space. Many traders frequently use the highway to ferry their wares between factions in the hopes of turning an honest profit.\n\nHowever, not everyone shares their equitable and entrepreneurial spirit. Pilots are frequently harassed by pirates, and it is not uncommon for trade ships to vanish completely. Despite calls for improved security, only parts of the system have been claimed and are actively patrolled; it is simply too big a task to weed out the criminal elements inhabiting the further reaches of the system. Ultimately, though, the risk posed by outlaws does not outweigh the convenience of travel, and potential losses are counted as an acceptable cost of doing business.",
cluster_09_macro,60000000.0,0.0,69280000.0,Bright Promise,"Although the Teladi have been increasing their presence in this system for a long time now, it has only become one of their main trading hubs after the Jump Gate realignment. Its relatively close proximity to Argon, Godrealm and Split systems offers a wealth of opportunities for trade and profits. So, it comes as no surprise that the system's promise of a bright future makes it a valuable point of entry for many newly established enterprises looking to step up and gain a foothold in the Commonwealth. Due to this situation, it has become synonymous with entrepreneurial optimism in the face of what is too often a bleak universe.",
cluster_10_macro,75000000.0,0.0,-8660000.0,Unholy Retribution,"The Paranid priests of this sector accused its early colonists of not adhering to key tenets of the Paranid religion. These accusations were accompanied by severe punishments to the point where the colonists fought back and, in what became known as the Unholy Retribution, killed all of their priests. This uprising was not tolerated by the Paranid, and the rebels, despite defending their new homeland with all the ships they could muster, were defeated. While the Paranid officially claimed that there were no rebel survivors, a small Paranid task force still catalogues genetic markers in this area to identify descendants of the heretics and trace heretic cells.",
cluster_11_macro,-30000000.0,0.0,-69280000.0,Pontifex's Claim,"Though the Holy Order of the Pontifex does not yet have an officially recognised capital, it was from Pontifex's Claim that the Pontifex Maximus Haereticus (name not supported by Holy Order) was hatched and so has been claimed as the Order's capital once the Paranid Civil War has been concluded.\n\nA system only discovered in the surge of sporadic Jump Gate activity before the Jump Gate shutdown, Pontifex's Claim only has Paranid colonies on parts of the single planet in system, though word has it that the Order is attempting to colonise it further.",
cluster_12_macro,-60000000.0,0.0,-51960000.0,True Sight,"After striking an alliance of convenience with the Godrealm of the Paranid, the Argon Federation promptly sent out an invasion force into Holy Order territory. To the dismay of their strategists, the scattering of supposedly unprepared enemy patrols put up an unexpectedly strong resistance, dragging out the encounter and foiling the attackers' plans of swift conquest. Surviving Paranid pilots claim that at the peak of the skirmish, the True Pontifex himself appeared before them, directing individual ships towards enemy blind-spots with unprecedented precision; a phenomenon which continues to be reverently described as a gift of ""True Sight"". Regardless of the actual sequence of events, the invaders were forced to withdraw, and the system was ordered to be thoroughly fortified as both first line of defence and last bastion against the Argon threat. According to Holy Order officials, the True Pontifex went into seclusion after this event, becoming the imperious, yet elusive, figure the galactic community knows today.",
cluster_13_macro,-75000000.0,0.0,-8660000.0,Second Contact,"Within hours of the Jump Gates in Second Contact opening, fleets from both the Antigone Republic and the Holy Order of the Pontifex had arrived in system. Ownership of the system remained disputed for many years, with skirmishes from both factions commonplace.\n\nWith the start of the Paranid Civil War though, the Paranid could no longer afford to keep up their offensive and the Antigone Republic claimed the system as its own colony. Since, it has become a profitable trading hub, linking the Antigone Republic to the Argon Federation, and acts as a buffer to the Holy Order.",
cluster_14_macro,-90000000.0,0.0,34640000.0,Argon Prime,"Colonised by the survivors of the First Terraformer War, the Sonra system is seen by many as the birthplace of modern Argon civilization and culture. Renamed from Sonra to R. Gunne to commemorate the hero of the First Terraformer War, then to Argon Prime, the system has served as the capital of the Federation for all of its five hundred and eighty-four years. As such, the fourth planet, also called Argon Prime, is steeped in history, and even despite the Jump Gate shutdown, the system once again thrives on a strong trading and tourist economy.",
cluster_15_macro,90000000.0,0.0,69280000.0,Ianamus Zura,"The once long-lost home system of the Teladi, Ianamus Zura once again faces a key moment in its history, acting after the Jump Gate shutdown as the buffer between Teladi space and the Xenon.\n\nThough there is less activity from Matrix #451 than other Xenon-occupied territories in the Jump Gate network, memories of the conflict in Scale Plate Green and PTNI Headquarters are still fresh in many Teladi minds, and they are determined to defend their home from the wrath of the machines. As such, it is heavily defended by both defence stations and a contingent of the Teladi fleet.",
cluster_16_macro,90000000.0,0.0,86600000.0,Matrix #451,"After the Teladi Company had reconnected with Ianamus Zura, they sent out a fleet of scouts to seek potential new trade partners and re-establish old business relationships. It took the fleet some time before they encountered the Xenon that were operating deep within this system, far from the Gate. The scouts soon came to the realisation that they were surrounded by hostile forces, and at that point they were far from any reinforcements. Their natural flight instinct came to the fore and they hastily retreated towards the Gate that lead back to their homeworld. Many ships were picked off by intercepting Xenon along the way, but a few ships made it back. Unfortunately, their failed exploration drew the Xenon closer to the Jump Gate, and Xenon attacks have now become a common occurrence.",
cluster_17_macro,75000000.0,0.0,95260000.0,Matrix #9,"Not much has been recorded about this system. Rarely do ships venture this far into Xenon space, and it is even more rare that they return to share their findings. For this reason, little is known about the planet contained within it. While it appears to be a planet barren of vegetation, some suspect it to be rich in ore, hidden beneath the surface layers. Despite these speculations, no one dares go near it, since trying to settle it would surely result in being targeted by the Xenon.",
cluster_18_macro,75000000.0,0.0,25980000.0,Trinity Sanctum,"Made famous before the Jump Gate shutdown by its nomadic workforce, whose expertise in raising delicate Maja snails was known across the entire network, Trinity Sanctum has been repurposed as the temporary capital of the Godrealm of the Paranid. The Snail Farms that were once so active here have long been shut down.\n\nDesperate to keep some sense of order among its people, the Pontifex Maximus Paranidia placed a heavily defended house of worship on one of the many moons of Trinity Sanctum, and so the system has also become a place of pilgrimage for many members of the Godrealm.",
cluster_19_macro,105000000.0,0.0,-8660000.0,Hewa's Twin,"Hewa's Twin may be the most widely, if not most thoroughly, explored system in Teladi territory, but has been somewhat crippled economically by its Jump Gate connection to Trinity Sanctum, separating it and Company Regard from the rest of Teladi space.\n\nThe Paranids' differing views on what is legal and illegal sometimes makes it difficult for the Teladi Company to ferry supplies to citizens on both sides of the blockade. This however represents an interesting opportunity for smugglers, which the Scale Plate Pact pirates, who hide their headquarters somewhere in this system, have all too happily jumped on.",
cluster_20_macro,135000000.0,0.0,-25980000.0,Company Regard,"A new star system only discovered after the Jump Gate realignment, Company Regard represents an opportunity for the Teladi Company to build an entirely new colony from scratch, as well as giving them the only access to the overrun colony of Scale Plate Green.\n\nThough a small number of military staff and crew have moved into the system to help control Xenon incursions from Scale Plate Green, proper colonisation work in Company Regard has been slow, as no habitable planets and no mineral or gas regions have yet been discovered.",
cluster_21_macro,135000000.0,0.0,-43300000.0,Scale Plate Green,"Once a pride of Teladi Company space, Scale Plate Green was overrun by the Xenon early in the period of the Jump Gate shutdown. Despite fearless defending from the Company and its allies, the Xenon fleet proved too strong, annihilating those that did not flee.\n\nSince it was reconnected to the network, Teladi scouts have recorded that Scale Plate Green continues to be heavily defended by the Xenon, acting as a staging area for incursions into both Teladi and Paranid space.",
cluster_22_macro,30000000.0,0.0,-51960000.0,Pious Mists,"While Paranid society has historically met others with distrust, generally preferring to keep to themselves, the ramifications of the Gate shutdown have forced them into closer contact with the other races, and facilitated unrest amongst the different Paranid denominations. As part of the highway network, this system is at the forefront of both of these developments. Due to its proximity to Holy Order space, it is often considered to be the major staging ground of the Paranid conflict.\n\nWhile Pious Mists  was disconnected from the other Paranid systems, an ambitious Duke tried to crown himself Pontifex in a bid for regional power. However, his subjects quickly and violently overthrew him and held out hope for a swift reconnection. When that connection was once again established, they were welcomed back into the greater Godrealm of the Paranid with open arms.",
cluster_23_macro,60000000.0,0.0,-86600000.0,Sacred Relic,"Long the heart of the Paranid scientific community, with its mysterious planet and one lone relic of a distant past, Sacred Relic quickly became the home of the Alliance of the Word during the Jump Gate shutdown, and has since remained a place of discovery and exploration for all across the Jump Gate network.\n\nIt was from here that the first AoW drones were launched to Argon Prime and Kingdom End, and also the location of the Alliance's single shipyard, where they aim to launch generation ships to send aid to systems still thought disconnected from any Jump Gates.",
cluster_24_macro,-45000000.0,0.0,-60620000.0,Holy Vision,"Holy Vision  has become the heart of the Holy Order of the Pontifex. It supplies the Holy Order with the means to defend itself against the Xenon threat, and a significant amount of resources to promote their Paranid faith. The system derives its name from the vision of a united Paranid announced by the Pontifex Maximus Haereticus . It was in this system that the Pontifex broadcast his presence and intentions to the wider Paranid society, decreed that all Paranid are welcome to convert and join the Holy Order of the Pontifex, and declared the crusade against the Godrealm of the Paranid.",
cluster_25_macro,-90000000.0,0.0,-69280000.0,Faulty Logic,"Having had less direct contact with the Xenon than other races, and with their superior understanding of mathematics, the Paranid have always tolerated artificial intelligence more than other races. However, after the loss of Emperor Mines - now called Faulty Logic - they also know the risks that come with it, having seen one of their most secure systems overrun through a Xenon logic bomb. While every Paranid ship lay paralysed in space, the Xenon wiped them out. Many Paranid have since begun to wonder whether their tolerance for the machines has made them susceptible to further assault.",
cluster_26_macro,-120000000.0,0.0,-51960000.0,Atiya's Misfortune,"In the Terrans' attempts to expand beyond their borders in the latter days of the Terran Conflict, systems such as Toride and Atiya's Misfortune became beacons of hope for a race that was lost and broken. However, scared and on the run, the Terrans did not properly scout their colony locations. While Toride's fate is still unknown, Atiya's Misfortune was quickly discovered to contain a heavy Xenon presence, forcing the Terrans to flee once more.\n\nArgon and Paranid scouts have since been able to map out most of the system, in the hope that one day the Xenon can be cleared out.",
cluster_27_macro,-150000000.0,0.0,34640000.0,The Void,"This was the first system claimed by the newly founded Antigone Republic after the Gates realigned. The inhabitants live close to a nebula which damages the hulls of ships that enter it, making this system a hostile and dangerous environment. In order to turn a profit, the people residing here are dependent on support from outside their own system. Since it is the bridge between Antigone Memorial and other trade-oriented communities, the Antigone Republic is going above and beyond in ensuring that it is a safe and stable place despite these difficulties.",
cluster_28_macro,-165000000.0,0.0,25980000.0,Antigone Memorial,"Once an Argon Federation border system that survived one of the worst Xenon incursions in Argon history, Antigone Memorial made it through the shutdown through the sheer willpower of its people, who banded together and unified in order to make sure their beloved home did not once again become crippled by such dark times.\n\nIt now serves as the capital of the fledgling Antigone Republic and has seen a long stretch of peace and growth due to its distance from both major Xenon threats and the Holy Order of the Pontifex.",
cluster_29_macro,-60000000.0,0.0,69280000.0,Hatikvah's Choice,"Placed on the highway construction known as The Ring, Hatikvah's Choice is home to both the Hatikvah Free League and many Federation citizens, and is one of the busiest systems in Argon space. Even without a habitable planet - consisting instead of several nebulae, an asteroid field and a colossal gas giant - the system continues to flourish. Its position on the Ring, while increasing the risk of incursions, also facilitates military intervention by the neighbouring Argon Federation, and anchors the system as an economic community that is perhaps more closely intertwined with the network's trade routes than any other.",
cluster_30_macro,-90000000.0,0.0,69280000.0,Morning Star,"One of the dozen Argon outposts destroyed during the First Xenon Conflict, Morning Star was only rediscovered after the most recent Jump Gate realignment, with archaeologists still uncovering many of the homes and factories laid to waste by the Terraformers during that conflict.\n\nThough the Argon Federation has begun the process of resettling the system, work has been slow, as there have always been higher priorities for investment among the more strongly contested border sectors. Naturally, this did not prevent independent Argon entrepreneurs from establishing their own businesses in the vacant space of Morning Star, and today the system is bustling with civilian traffic.",
cluster_31_macro,-120000000.0,0.0,103920000.0,Heretic's End,"Originally discovered and claimed by the Paranid, Heretic's End became one of the most famous systems in the Jump Gate network after the building and activation of the Earth Gate and the massive battle between the Kha'ak and combined Terran and Commonwealth forces. While Sol remained connected to the Jump Gate network, Heretic's End remained under heavy Terran protection, but when it became obvious that Jump Gates were failing too quickly for the connection to possibly remain stable, the system was swiftly abandoned, fading back into obscurity. Now, it serves as a backwater colony that holds only interest to pirates and smugglers.",
cluster_32_macro,-60000000.0,0.0,103920000.0,Tharka's Cascade,"Tharka's Cascade represents the last evidence available to the Jump Gate network that the Split Patriarchy survived the Jump Gate shutdown. Relatively unexplored due to both natural dangers and the unhindered spread of Xenon fleets throughout the system, its name is only known because of a brief Argon Federation scouting mission that uncovered the passages of a member of Family Tharka as she attempted to flee the area in the face of an as of yet unknown danger referred to in the files as 'the Fade'.",
cluster_33_macro,-75000000.0,0.0,112580000.0,Matrix #79B,"Matrix #79B has been the cause of much bewilderment among the post-realignment Community, and to Alliance of the Word scholars especially. As far as the cartographers can tell, it was never encountered before the Gates reconnected. It does not appear in any official documentation or corporate travel logs. Yet, when the network stabilised and the Argon Federation sent out scouts to survey the adjacent systems for activity, not only did they find a heavy Xenon presence, but also the remnants of vast structures stretching throughout the system. Surprisingly, these networks do not seem to be of Xenon origin, and raise the question of what exactly happened in this system.",
cluster_34_macro,45000000.0,0.0,77940000.0,Profit Center Alpha,"Situated between two uninhabitable dust planets, this Teladi system once produced raw materials and light weapons for military and exploration ships. It was earmarked by the Profit Guild before the Jump Gate shutdown for priority expansion and investment.\n\nAs chance would have it, after the realignment, Profit Center Alpha became ideally situated for such investment, finding itself placed on The Ring after the Jump Gate fluctuation stabilised. The Teladi Company were only too happy to allow such a highway construction to be built through the system in order to allow quicker and more efficient profit.",
cluster_35_macro,-45000000.0,0.0,-95260000.0,Lasting Vengeance,"Once situated on the uncharted outskirts of the New Duchy sectors, Lasting Vengeance became known as a safe haven for smugglers, marauders and other entrepreneurial types who wished to do business in Paranid and Split territory. Behind the various pirate leaders was a guiding hand, the self-proclaimed Pirate Duke who, faced with the sudden collapse of all outside communication, harnessed the indomitable spirit of his followers and led them towards colonisation. As the years passed by after the shutdown, the once-warlike Buccaneers became content with their new purpose, while Lasting Vengeance similarly flourished in an era of relative peace and prosperity. Few remember when the dreaded armaments of Duke's Haven and its fleet fell silent for the last time.\n\nWhat happened to the pirate operation in the years that followed remains unknown. It is said that when the Holy Order prospectors traversed the sector's Gate on the day of its realignment, desperate for new resources for their starving empire, all they encountered was a sea of ruin.",
cluster_36_macro,-60000000.0,0.0,-86600000.0,Cardinal's Redress,"When the Gates shut down, the Cardinal of the Second Duchy of the Paranid found himself marooned in a lesser known system of the Paranid Empire, which he had been invited to in order to give spiritual guidance to the colonists. In the wake of the cataclysmic shutdown, the local isolated Paranid population turned towards the Cardinal as their new leader, and Cardinal's Redress was established as the interim capital of the Second Duchy. He led them well, and the resident Paranid would see the system be reconnected to the greater Paranid realm.\n\nHowever, tensions arose when they were confronted by the fervent Holy Order, who would not tolerate another religious authority that did not follow their Pontifex's teachings. The Cardinal did something almost unthinkable when he converted and stepped down from his leadership duties. In doing so, he avoided otherwise-certain conflict and saved countless lives. This decision did not go down well with the Godrealm, who, upon learning of his betrayal, put a considerable bounty on his head.",
cluster_37_macro,45000000.0,0.0,-60620000.0,Pious Mists,"While Paranid society has historically met others with distrust, generally preferring to keep to themselves, the ramifications of the Gate shutdown have forced them into closer contact with the other races, and facilitated unrest amongst the different Paranid denominations. As part of the highway network, this system is at the forefront of both of these developments. Due to its proximity to Holy Order space, it is often considered to be the major staging ground of the Paranid conflict.\n\nWhile Pious Mists  was disconnected from the other Paranid systems, an ambitious Duke tried to crown himself Pontifex in a bid for regional power. However, his subjects quickly and violently overthrew him and held out hope for a swift reconnection. When that connection was once again established, they were welcomed back into the greater Godrealm of the Paranid with open arms.",
cluster_38_macro,30000000.0,0.0,-69280000.0,Pious Mists,"While Paranid society has historically met others with distrust, generally preferring to keep to themselves, the ramifications of the Gate shutdown have forced them into closer contact with the other races, and facilitated unrest amongst the different Paranid denominations. As part of the highway network, this system is at the forefront of both of these developments. Due to its proximity to Holy Order space, it is often considered to be the major staging ground of the Paranid conflict.\n\nWhile Pious Mists  was disconnected from the other Paranid systems, an ambitious Duke tried to crown himself Pontifex in a bid for regional power. However, his subjects quickly and violently overthrew him and held out hope for a swift reconnection. When that connection was once again established, they were welcomed back into the greater Godrealm of the Paranid with open arms.",
cluster_39_macro,30000000.0,0.0,0.0,Memory of Profit,"Savaged by the same incursion that saw Scale Plate Green occupied by the Xenon, Memory of Profit was once an economic stronghold of the Teladi Company, even housing the headquarters of Nividium Mining and Manufacturing Corporation (PTNI). Though Teladi and Argon forces, and even a small contingent of Split ships, desperately tried to hold both systems, PTNI Headquarters was eventually lost.\n\nWhen the Jump Gates came back on line, Teladi Scouts from Eighteen Billion quickly recognised the signs of the conflict, and when they found no trace of Xenon activity within the system, immediately set about on a recolonization effort.",
cluster_40_macro,-90000000.0,0.0,-17320000.0,Second Contact,"Within hours of the Jump Gates in Second Contact opening, fleets from both the Antigone Republic and the Holy Order of the Pontifex had arrived in system. Ownership of the system remained disputed for many years, with skirmishes from both factions commonplace.\n\nWith the start of the Paranid Civil War though, the Paranid could no longer afford to keep up their offensive and the Antigone Republic claimed the system as its own colony. Since, it has become a profitable trading hub, linking the Antigone Republic to the Argon Federation, and acts as a buffer to the Holy Order.",
cluster_41_macro,-90000000.0,0.0,0.0,Second Contact,"Within hours of the Jump Gates in Second Contact opening, fleets from both the Antigone Republic and the Holy Order of the Pontifex had arrived in system. Ownership of the system remained disputed for many years, with skirmishes from both factions commonplace.\n\nWith the start of the Paranid Civil War though, the Paranid could no longer afford to keep up their offensive and the Antigone Republic claimed the system as its own colony. Since, it has become a profitable trading hub, linking the Antigone Republic to the Argon Federation, and acts as a buffer to the Holy Order.",
cluster_42_macro,120000000.0,0.0,0.0,Hewa's Twin,"Hewa's Twin may be the most widely, if not most thoroughly, explored system in Teladi territory, but has been somewhat crippled economically by its Jump Gate connection to Trinity Sanctum, separating it and Company Regard from the rest of Teladi space.\n\nThe Paranids' differing views on what is legal and illegal sometimes makes it difficult for the Teladi Company to ferry supplies to citizens on both sides of the blockade. This however represents an interesting opportunity for smugglers, which the Scale Plate Pact pirates, who hide their headquarters somewhere in this system, have all too happily jumped on.",
cluster_43_macro,120000000.0,0.0,17320000.0,Hewa's Twin,"Hewa's Twin may be the most widely, if not most thoroughly, explored system in Teladi territory, but has been somewhat crippled economically by its Jump Gate connection to Trinity Sanctum, separating it and Company Regard from the rest of Teladi space.\n\nThe Paranids' differing views on what is legal and illegal sometimes makes it difficult for the Teladi Company to ferry supplies to citizens on both sides of the blockade. This however represents an interesting opportunity for smugglers, which the Scale Plate Pact pirates, who hide their headquarters somewhere in this system, have all too happily jumped on.",
cluster_44_macro,0.0,0.0,103920000.0,Silent Witness,"Silent Witness has established itself as vitally important to galactic trade, as its ring highway is the main connection between Argon and Teladi space. Many traders frequently use the highway to ferry their wares between factions in the hopes of turning an honest profit.\n\nHowever, not everyone shares their equitable and entrepreneurial spirit. Pilots are frequently harassed by pirates, and it is not uncommon for trade ships to vanish completely. Despite calls for improved security, only parts of the system have been claimed and are actively patrolled; it is simply too big a task to weed out the criminal elements inhabiting the further reaches of the system. Ultimately, though, the risk posed by outlaws does not outweigh the convenience of travel, and potential losses are counted as an acceptable cost of doing business.",
cluster_45_macro,-15000000.0,0.0,112580000.0,Silent Witness,"Silent Witness has established itself as vitally important to galactic trade, as its ring highway is the main connection between Argon and Teladi space. Many traders frequently use the highway to ferry their wares between factions in the hopes of turning an honest profit.\n\nHowever, not everyone shares their equitable and entrepreneurial spirit. Pilots are frequently harassed by pirates, and it is not uncommon for trade ships to vanish completely. Despite calls for improved security, only parts of the system have been claimed and are actively patrolled; it is simply too big a task to weed out the criminal elements inhabiting the further reaches of the system. Ultimately, though, the risk posed by outlaws does not outweigh the convenience of travel, and potential losses are counted as an acceptable cost of doing business.",
cluster_46_macro,-90000000.0,0.0,86600000.0,Morning Star,"One of the dozen Argon outposts destroyed during the First Xenon Conflict, Morning Star was only rediscovered after the most recent Jump Gate realignment, with archaeologists still uncovering many of the homes and factories laid to waste by the Terraformers during that conflict.\n\nThough the Argon Federation has begun the process of resettling the system, work has been slow, as there have always been higher priorities for investment among the more strongly contested border sectors. Naturally, this did not prevent independent Argon entrepreneurs from establishing their own businesses in the vacant space of Morning Star, and today the system is bustling with civilian traffic.",
cluster_47_macro,60000000.0,0.0,34640000.0,Trinity Sanctum,"Made famous before the Jump Gate shutdown by its nomadic workforce, whose expertise in raising delicate Maja snails was known across the entire network, Trinity Sanctum has been repurposed as the temporary capital of the Godrealm of the Paranid. The Snail Farms that were once so active here have long been shut down.\n\nDesperate to keep some sense of order among its people, the Pontifex Maximus Paranidia placed a heavily defended house of worship on one of the many moons of Trinity Sanctum, and so the system has also become a place of pilgrimage for many members of the Godrealm.",
cluster_48_macro,-150000000.0,0.0,51960000.0,Getsu Fune,"Before the shutdown of the Jump Gates, Getsu Fune was widely regarded as the crown jewel of the Community of Planets' newfound cooperation. This naively romantic assessment disregards the history of unease that followed the system's discovery by a legendary adventurer. Her sudden fame bestowed upon the system an unexpected and unprecedented surge in intergalactic attention. The prospect of inadvertently falling behind eventually pressured all major factions to ignore the threats lurking in this remote area of the network and construct large stations to stake their own claims. The fortunate beneficiaries of this peculiar arrangement were the many explorers that followed the spirit of the system's original discovery, and who now had a straightforward way to outfit their ships with state-of-the-art equipment and software from all major factions. During a period of interim administration, in which the Argon company TerraCorp set out to improve the system's infrastructure with new accelerator technology, Getsu Fune was hit by the repercussions of the collapsing Gate network, and all contact was subsequently lost.\n\nAfter the Jump Gate realignment, the system was once again found to be barren and initially provided a bleak outlook on the current chances of peaceful coexistence. However, recent analysis of the many drifting station wrecks has produced matching signs of a meticulous deconstruction of the key structures, which might well point towards a joint effort between the system's many diverse inhabitants. The purpose of this undertaking, which likely took place shortly after the shutdown, and the whereabouts of the settlers, are yet to be determined.",
cluster_49_macro,-120000000.0,0.0,-17320000.0,Frontier Edge,"Frontier Edge was newly discovered after the Gates reactivated. Several factions have shown an interest in the system, most notably because it is home to an uninhabited planet. While this planet has not yet received a full resource survey, it seems to be fertile ground for colonisation. The system is being mapped out at rather a slow pace, in part because traversing it can be tedious at times due to its high asteroid density, but also because scout ships disappear with alarming regularity.",
cluster_50_macro,150000000.0,0.0,-34640000.0,Turquoise Sea,"Long before the connection of Turquoise Sea to the known Jump Gate network, it was determined that the area of space in which the system was ultimately found to reside was dominated by a rather picturesque, but otherwise unremarkable, emission nebula. Regardless of the scientific validity of this explanation, a great number of unverified rumours and adventurers' tales have since succeeded in shrouding the origin of the system's striking colour in mystery. Despite the evident dangers lurking in the surrounding systems, this apparently constructed image of mystery regularly draws in waves of daring explorers in search of a supposedly hidden truth; a phenomenon that has been derogatively titled by prominent news outlets as the ""Turquoise Rush"". Recently, a Teladi-led syndicate has ferried in construction equipment to connect to the farther reaches of the isolated system for as yet unknown purposes.",
cluster_709_macro,60000000.0,0.0,-103920000.0,Cardinal's Domain,"Cardinal's Domain was a historical seat of power for the Second Duchy. Given its historical significance, the Priest King presiding over this sector still maintains the title ""Cardinal"" despite it having fallen out of use elsewhere in the Godrealm. Due to its link to the Second Duchy, both the Godrealm of the Paranid, and the Holy Order of the Pontifex have laid claim to Cardinal's Domain.\n\nGiven its proximity to the pirate sector Moo-Kye's Revenge, it may be wondered how the Paranid can live with this threat on their doorstep. It turns out that the Cardinal has established an uneasy truce with the pirates, limiting their engagements to only minor skirmishes. While this might seem out of character for the Paranid, it may be explained by a leaked internal communication which refers to ""the pirate problem"" as a ""mindless defensive barrier"" against other enemies.",
cluster_710_macro,105000000.0,0.0,-95260000.0,Moo-Kye's Revenge,"At one point, a brave pilot placed a beacon near the gate to Moo-Kye's Revenge warning passing pilots to stay well clear for fear of pirates. Before the pilot had even got home, it had been destroyed, and replaced with a similar broadcast, advertising the illicit activities and wares available within the sector. Needless to say, only a handful of those that give into this temptation make it back out to tell the tale.",
cluster_711_macro,120000000.0,0.0,-69280000.0,Mi Ton's Refuge,"The eradication of pirates from Mi Ton's Refuge has been proposed at least four times now, due to the terror that they inflict on local shipping, but every time the idea has been shot down, occasionally literally. Whether this speaks of corruption or fear, nobody is willing to say. Despite originally being a peaceful Boron sector, this has now become one of the most infamous and feared places in the known universe.",
cluster_712_macro,105000000.0,0.0,-60620000.0,Loomanckstrat's Legacy,"This sector has had a turbulent history since long before its first discovery, despite being on the far edge of the Garenisk Void, a large area of space entirely devoid of stars. When it was first discovered, there were remnants of an ancient space battle, which provided fertile ground for archaeology expeditions, both by the original Boron discoverers and by their Argon allies. In the time since, however, the more peaceful inhabitants were forced out by pirates, who held the sector until the gate network collapse.\n\nWhen this sector was reconnected, a small free port was set up, ostensibly as a trading hub to be run independently from all other factions. Due to the pirate history of this sector, however, travel here should not be considered lightly. Whether the violence in this sector has once again reached its previous high level or not, has yet to be determined.",
cluster_713_macro,90000000.0,0.0,-34640000.0,CEO's Doubt,"While no Teladi would ever describe their sector as a backwater, it is unlikely that any of them would describe CEO's Doubt as a major commercial centre either. Despite this, the local inhabitants make the most of their situation by offering a greater range of wares and activities than one might otherwise assume from a sector of this size and traffic.\n\nCEO's Doubt is also the home of Zusilas Towisaris Yalos IX, famous for their express delivery service around the sector.",
cluster_714_macro,-60000000.0,0.0,-103920000.0,Freedom's Reach,"While Freedom's Reach is not the origin of racing, for a long time its name was synonymous with the sport; a location where aspiring young pilots would dream of flying to test their mettle against the best the universe had to offer.\n\nDue to its proximity to the lawless pirate sectors, losses for the races climbed steadily as they became more popular. This led to a collapse of the sport from which Freedom's Reach has not recovered. There are frequent rumours of racing making a comeback, but so far they have not materialised. In the time since, a research station has been set up to observe the sector, which has provided several major breakthroughs in the field of interplanetary propulsion.",
cluster_715_macro,-120000000.0,0.0,-69280000.0,Mists of Artemis,"This mysterious space, dotted with resource-rich asteroids, attracts adventurers, pirates, and miners, drawn by its strategic significance and the promise of ancient secrets. Despite the allure, the nebula's interference with technology makes navigation perilous, turning the Mists of Artemis into a double-edged sword of immense wealth and dangerous unpredictability.",
cluster_720_macro,-150000000.0,0.0,-17320000.0,Ore Belt,"This abandoned mining outpost was once surrounded by a dense field of resource-rich asteroids. After the deposits were exhausted, and shortly before the Fall of the Gates that preceded the period known as The Dark, the settlement was deserted, leaving its scant population of outlaws and their descendants in a dire situation. Of the former mineral wealth, little remains.",
cluster_721_macro,-210000000.0,0.0,69280000.0,Adventure's Promise,"Video footage of kilometre-long Sohnen vessels in this area of space was soon revealed as an optical illusion by principal UAP investigator Mich Vest of the Argon Federation. However, due to the initial hype surrounding the footage, this sector has both deterred regular prospectors from exploration and attracted adventure-seekers. The true nature of this sector, its resources, and its strategic relevance is yet to be evaluated.",
cluster_722_macro,-135000000.0,0.0,-95260000.0,Sanctum Verge,"This sector is home to a sizeable population of Kha'ak, dispatched from two large Hives, who lay claim to the resources available in its remote areas. Although excavation operations are further hindered by a region filled with micrometeoroids and inert gases, the wealth of available resources attracts risk-tolerant prospectors and investors.",
cluster_723_macro,-30000000.0,0.0,-121240000.0,Tempting Fumes,"The main feature of this area of space is its distinctive helium nebula, assumed to be a remnant of the accretion disk that formed the system only about 250 million years ago. Another remnant is the systems' asteroid field, which is most likely sparse in resources (pending verification). An abandoned Xenon Station awaits assessment concerning its operational status.",
cluster_724_macro,-210000000.0,0.0,-103920000.0,Circle of Deceit,"Known for its unusually high density of spaceship and orbital station wreckage, this sector appears to have been an old battleground. The reason for the supposed battle or battles remains unclear, since the only resource even remotely worth fighting over is its methane-helium cloud. It is quite possible that the sector held strategic importance when its two dormant Jump Gates were still operational.",
cluster_725_macro,-30000000.0,0.0,-17320000.0,Void of Opportunity,No information available,
cluster_601_macro,-150000000.0,0.0,103920000.0,Watchful Gaze,No information available,ego_dlc_boron
cluster_602_macro,-165000000.0,0.0,95260000.0,Barren Shores,No information available,ego_dlc_boron
cluster_603_macro,-180000000.0,0.0,86600000.0,Great Reef,No information available,ego_dlc_boron
cluster_604_macro,-180000000.0,0.0,69280000.0,Ocean of Fantasy,No information available,ego_dlc_boron
cluster_605_macro,-195000000.0,0.0,112580000.0,Sanctuary of Darkness,No information available,ego_dlc_boron
cluster_606_macro,-225000000.0,0.0,129900000.0,Kingdom End,"Although decades of isolation have taken their toll, this Boron core system has lost little of its former glory. Kingdom End not only prides itself on the spectacular array of trade wares and services available on its stations, but also on the hospitality and security it provides to anyone willing to make the journey. Many a weary traveller has been moved to quiet contemplation by this system's beguiling aura of tranquillity.\n\nNishala, the second innermost planet of the star Eo, is the birthplace of the Boron species and seat of government of the Queendom of Boron. Historical data suggests that during the onset of the Dark, roughly three quarters of the entire Boron population lived in the oceans that dominate this planet. Since then, that proportion has only increased.",ego_dlc_boron
cluster_607_macro,-240000000.0,0.0,121240000.0,Rolk's Demise,No information available,ego_dlc_boron
cluster_608_macro,-225000000.0,0.0,112580000.0,Atreus' Clouds,No information available,ego_dlc_boron
cluster_609_macro,-240000000.0,0.0,103920000.0,Menelaus' Oasis,No information available,ego_dlc_boron
cluster_730_macro,-150000000.0,0.0,0.0,Third Redemption,"Right until the eve of The Dark, alongside the occupation of Hewa, the Paranid defended this sector against continuous incursions by the Argon Federation. Considered a sacred place of rest for the souls of the fallen, this sector was once wealthy in minerals and gases. Decades after the Fall of the Gates, its current status remains yet to be determined.",ego_dlc_mini_01
cluster_740_macro,-45000000.0,0.0,-8660000.0,Scarlet Star,No information available,ego_dlc_mini_02
cluster_500_macro,-15000000.0,0.0,25980000.0,Avarice,"Some time before the Jump Gate shutdown, the Avarice system was sold by its original owner, a Teladi business, because it turned out to be a poor investment. The new owner, a company which acquired it comparatively cheaply, initially managed to turn a profit from this unexceptional system. After the network shut down, however, the company was unable to trade with other systems, and soon fell apart. Its assets were redistributed to help the people of Avarice cope with their new situation.\n\nNowadays, the system's most outstanding, and devastatingly dangerous, feature is the Tide phenomenon. This first manifested itself in the year 800 (NT), and brought with it an increase in stellar output. This first Tide occurred without prior warning and caught the Riptide Rakers unawares, decimating large parts of their population and leaving chaos in its wake. The people of Avarice would eventually learn how to endure the destructive force, but it remains ever-present. Life has adapted to the extraordinary phenomenon, with the inhabitants even learning to use the increased solar output to power efficient recycling systems and fuel their unique economy. Although the Riptide Rakers do trade with other groups, visitors from outside the system are a fairly rare occurrence, deterred by both the Tide phenomenon and the need to travel through pirate-infested space to reach Avarice.",ego_dlc_pirate
cluster_501_macro,-30000000.0,0.0,51960000.0,Windfall,"Even before the Jump Gate shutdown, the Windfall system was renowned for being home to some of the most affluent communities in the network, including captains of industry and the upper classes. These people were initially drawn to Windfall, and established their luxurious residences here, partly because it was an autonomous system connected to both Teladi and Argon space, but also to take advantage of its unique and attractive vistas. Their immense wealth came with a considerable amount of political influence. As a result, the elites inhabiting the system managed to avoid conforming to regulations or paying taxes, while still maintaining good relations with, and easy access to, both neighbouring markets. Since these communities were incredibly wealthy, they could also afford to hire private security forces to keep piracy at bay. Gambling and other indulgences were commonplace, and the system developed an extensive leisure industry.\n\nWhen the connection between Windfall and its surrounding systems was severed, the community that had formed wanted for nothing. They had food and money aplenty, and while the resources in the system were not well suited for maintaining large scale industry, that was not an immediate concern. Cut off from any potential outside danger, they lived a life of luxury, and every station was a haven of arts and culture, clubs and casinos. Although these communities were now safe from outside threats, these luxury industries had generated a seedy underbelly that had long attracted all sorts of disreputable people, and an infection was festering from within. Isolated, with nothing but time and money on their hands, it was not long before rogue security forces, small time crooks, and racketeers of all sorts, fought over control of these stations and their markets. The most prominent of these organisations would eventually become the Vigor Syndicate, which presided over Windfall's descent from an unregulated haven of the arts into a lawless, vicious place.",ego_dlc_pirate
cluster_502_macro,-45000000.0,0.0,43300000.0,Windfall,No information available,ego_dlc_pirate
cluster_503_macro,-45000000.0,0.0,25980000.0,Windfall,No information available,ego_dlc_pirate
cluster_504_macro,180000000.0,0.0,69280000.0,Unknown System,No information available,ego_dlc_pirate
cluster_400_macro,-105000000.0,0.0,147220000.0,Wretched Skies,"A lawless system on the outskirts of Patriarch Zyarth's dominion, inhabited by lesser Split families, the biggest of which are Valka and Phi, and Paranid colonists. It has always been surrounded by tales told of casualties so grave that large quantities of bodies can be observed scattered throughout, like another belt of fine asteroids ringing the gas giant. While these stories are hyperbolic and apocryphal, there is a kernel of truth to them. Wretched Skies  has always been used as a dump site by Split families, and is home to several Split prison colonies, housing disloyal family members. Most of the convicts are awaiting execution, which is carried out swiftly and efficiently by ejection into space.\n\nThe extraordinary body count is further compounded by occasional clashes between Split and Paranid forces. While the shutdown cut the Paranid colony off from the larger Godrealm, they have proven themselves to be resolute fighters worthy of the Patriarch's attention.",ego_dlc_split
cluster_401_macro,-45000000.0,0.0,129900000.0,Family Zhin,"Ruled at the time by the Patriarch Dhiok, this sector was plunged into a state of perpetual turmoil during the Jump Gate shutdown. Ambitious lesser families used the fact that Dhiok was cut off from the Patriarch of all Split's main domain to their advantage, and staged a siege on the regent Patriarch's seat of power. They chose to starve him out because Dhiok's defences were heavily fortified. To the besiegers, it was apparent that a direct attack on the station would lead to severe casualties on both sides, and was not a certain victory. But eventually, they grew restless and bored. The Patriarch of Family Zhin, leader of the revolt, feared that his coup would soon lose momentum, so he stepped up to challenge the regent to single combat in order to end the stalemate. Worried that he would dishonour himself and lose the support of the remaining loyal Split families, Patriarch Dhiok had no choice but to accept. The duel was swiftly carried out, and resulted in Zhin assuming control.\n\nWhen the Jump Gates reconnected, and Zhin was approached by Patriarch Zyarth, he was initially hesitant to relinquish sovereignty, but soon realised that his military would not stand a chance against the combined forces of Patriarchs Zyarth and Nhuut. Cautious not to repeat his predecessor's arrogant mistake, he yielded to Patriarch Zyarth to maintain a modicum of authority and power within the patriarchal structure.",ego_dlc_split
cluster_402_macro,-45000000.0,0.0,147220000.0,Family Kritt,"This system was once home to the ferocious family Njy, allies to the Patriarch of all Split, Rhonkar. Family Njy had a reputation of using ruthlessly ambitious tactics to gain any advantage over their adversaries. They often rigged their ships' engines with explosive devices to inflict coordinated damage on their opponents' carriers when they came into range. It was not uncommon for the crews stationed on the rigged ships to be oblivious to their strategies. Incredibly successful at first, their conduct eventually alienated them from their fellow Split families. When Patriarch Zyarth's fleet approached their Gate, Family Njy realised too late that they stood alone. They were succeeded by the family Kritt, who were careful to not repeat their predecessors' mistake. They swore fealty to the new Patriarch of all Split, Zyarth, and made an effort to reach out to other families residing in the system.",ego_dlc_split
cluster_403_macro,-120000000.0,0.0,138560000.0,Wretched Skies,"A lawless system on the outskirts of Patriarch Zyarth's dominion, inhabited by lesser Split families, the biggest of which are Valka and Phi, and Paranid colonists. It has always been surrounded by tales told of casualties so grave that large quantities of bodies can be observed scattered throughout, like another belt of fine asteroids ringing the gas giant. While these stories are hyperbolic and apocryphal, there is a kernel of truth to them. Wretched Skies  has always been used as a dump site by Split families, and is home to several Split prison colonies, housing disloyal family members. Most of the convicts are awaiting execution, which is carried out swiftly and efficiently by ejection into space.\n\nThe extraordinary body count is further compounded by occasional clashes between Split and Paranid forces. While the shutdown cut the Paranid colony off from the larger Godrealm, they have proven themselves to be resolute fighters worthy of the Patriarch's attention.",ego_dlc_split
cluster_404_macro,30000000.0,0.0,155880000.0,Zyarth's Dominion,"This system is a symbol of the warrior tenacity of the Split. Its long history of conflict with the Xenon occupying the bordering sector is one of the reasons why it fared comparatively well when the gates shut down. The resourceful Zyarth Family, accustomed to surviving on the outskirts and always opportunistic, soon thrived in the isolated sectors. It is notable that they were one of the very few families who were able to hold their own against the Xenon threat, despite receiving no support from the Patriarch Rhonkar. Other families, who were more reliant on Rhonkar's aid, quickly succumbed to the isolation.\n\nUpon reconnection, Patriarch Zyarth learned that he had outlived most Patriarchs of old, whose short rule was often the result of their confrontational nature and inter-family rows. Zyarth's Dominion  is situated in between the various Split systems. Spurred on by the fact that he had held his realm together in times of crisis while Rhonkar's Patriarchy fell apart, Zyarth turned his attention towards the other Split families. He is set on uniting the Split once again - by force, if necessary.",ego_dlc_split
cluster_405_macro,45000000.0,0.0,147220000.0,Zyarth's Dominion,"This system is a symbol of the warrior tenacity of the Split. Its long history of conflict with the Xenon occupying the bordering sector is one of the reasons why it fared comparatively well when the gates shut down. The resourceful Zyarth Family, accustomed to surviving on the outskirts and always opportunistic, soon thrived in the isolated sectors. It is notable that they were one of the very few families who were able to hold their own against the Xenon threat, despite receiving no support from the Patriarch Rhonkar. Other families, who were more reliant on Rhonkar's aid, quickly succumbed to the isolation.\n\nUpon reconnection, Patriarch Zyarth learned that he had outlived most Patriarchs of old, whose short rule was often the result of their confrontational nature and inter-family rows. Zyarth's Dominion  is situated in between the various Split systems. Spurred on by the fact that he had held his realm together in times of crisis while Rhonkar's Patriarchy fell apart, Zyarth turned his attention towards the other Split families. He is set on uniting the Split once again - by force, if necessary.",ego_dlc_split
cluster_406_macro,45000000.0,0.0,164540000.0,Zyarth's Dominion,"This system is a symbol of the warrior tenacity of the Split. Its long history of conflict with the Xenon occupying the bordering sector is one of the reasons why it fared comparatively well when the gates shut down. The resourceful Zyarth Family, accustomed to surviving on the outskirts and always opportunistic, soon thrived in the isolated sectors. It is notable that they were one of the very few families who were able to hold their own against the Xenon threat, despite receiving no support from the Patriarch Rhonkar. Other families, who were more reliant on Rhonkar's aid, quickly succumbed to the isolation.\n\nUpon reconnection, Patriarch Zyarth learned that he had outlived most Patriarchs of old, whose short rule was often the result of their confrontational nature and inter-family rows. Zyarth's Dominion  is situated in between the various Split systems. Spurred on by the fact that he had held his realm together in times of crisis while Rhonkar's Patriarchy fell apart, Zyarth turned his attention towards the other Split families. He is set on uniting the Split once again - by force, if necessary.",ego_dlc_split
cluster_407_macro,120000000.0,0.0,103920000.0,Family Tkr,"Home of the Family Tkr, who have long been held in low esteem by other Split families. They were held responsible for an incident on their shipyard, which left over five hundred Split dead in its wake. This caused a loss of honor, and the other families quickly turned their backs. Additionally, the destruction of the shipyard left their economy crippled. They would have faded away, were it not for the Patriarch of all Split at the time recognising the value of an indebted and fragile family in close proximity to Teladi systems. The Family Tkr was offered protection from the other families by the Patriarch as long as they supplied him with slaves and resources from outside Split space. Split politics are a chaotic affair, and the historic records are muddled, but some scholars have proposed theories that the shipyard incident might not have been an accident, but targeted sabotage, to keep an ambitious family in line.\n\nMore recently, Patriarch Zyarth has made significant efforts to fold Family Tkr back into his empire. He recognised that despite their lowly status they are a still an important factor in the Split hierarchy, and losing their support would shake up the fragile dynamics of power.",ego_dlc_split
cluster_408_macro,120000000.0,0.0,86600000.0,Thuruk's Demise,"Previously known as Thuruk's Beard, after the legendary Patriarch's infamous facial hair, this system used to be home to a large slave colony. The planet-bound colony was first founded in the days of the first unified space-faring Split Empire by Thuruk himself, but would only really rise to importance under Patriarch Chin t'Thhg. The thriving outpost provided the Split with ample workforce and raw resources, and had a significant impact on their military capabilities. During the Gate shutdown and Patriarch Rhonkar's abject failure to hold his empire together, the system quickly became a haven for the Free Families, who were looking to distance themselves from the Split feudal institution. Control over this system allowed Family Tkr to rise to prominence.\n\nShortly before tensions between Patriarch Zyarth and the rebellious Free Patriarchs escalated into open conflict, a catastrophic explosion devastated the planet, eradicating the colony and halting production on the outpost completely. Who was responsible for the disaster, as well as the exact cause of the event, is as of yet unknown. All the prevailing theories share in common that a weapons production facility was the epicentre of the explosion. However, several plausible alternatives exist: either the facility exploded due to negligent maintenance workers, a slave revolt got out of control, targeted sabotage from political opposition, or an experimental, high-powered projectile was launched from outside the stratosphere.",ego_dlc_split
cluster_409_macro,150000000.0,0.0,103920000.0,Tharka's Ravine,"This system was first explored by the Split Patriarch Tharka, whose family were venturing into the unknown after the Argon Federation denied them access to the Boron territories. Tharka was once a powerful family, but conflicts with Patriarch Rhonkar and dwindling resources pushed them further and further into remote space. They were driven by the need to locate and settle planets rich in resources in order to repair their standing.\n\nTharka's Ravine  represents the furthest family Tharka have come in their ambitious pursuit. However, the further they travelled, the more vulnerable they made themselves, and trailblazers can only endeavour so far before coming into contact with Xenon fleets. The Gate Shutdown only accelerated the decline of the Tharka family when they found themselves stretched thin, cut off from any outside aid, and trapped with a Xenon presence.",ego_dlc_split
cluster_410_macro,165000000.0,0.0,112580000.0,Tharka's Ravine,"This system was first explored by the Split Patriarch Tharka, whose family were venturing into the unknown after the Argon Federation denied them access to the Boron territories. Tharka was once a powerful family, but conflicts with Patriarch Rhonkar and dwindling resources pushed them further and further into remote space. They were driven by the need to locate and settle planets rich in resources in order to repair their standing.\n\nTharka's Ravine  represents the furthest family Tharka have come in their ambitious pursuit. However, the further they travelled, the more vulnerable they made themselves, and trailblazers can only endeavour so far before coming into contact with Xenon fleets. The Gate Shutdown only accelerated the decline of the Tharka family when they found themselves stretched thin, cut off from any outside aid, and trapped with a Xenon presence.",ego_dlc_split
cluster_411_macro,180000000.0,0.0,138560000.0,Heart of Acrimony,"A system of great significance to the Free Families. While they have made an effort to distance themselves from the imperialist patriarchal structures of old, the Free Families still hold with the tradition of honouring their fallen Patriarchs. In a show of deference, they host a funeral procession, which is usually only attended by family members and most distinguished guests. At the culmination of the ceremony, a funeral ship is sent through an otherwise deactivated accelerator.\n\nDue to its relative distance to the Zyarth Patriarchy, this system is also a gathering place for various factions opposed to Zyarth's patriarchal rule.",ego_dlc_split
cluster_412_macro,180000000.0,0.0,103920000.0,Tharka's Ravine,"This system was first explored by the Split Patriarch Tharka, whose family were venturing into the unknown after the Argon Federation denied them access to the Boron territories. Tharka was once a powerful family, but conflicts with Patriarch Rhonkar and dwindling resources pushed them further and further into remote space. They were driven by the need to locate and settle planets rich in resources in order to repair their standing.\n\nTharka's Ravine  represents the furthest family Tharka have come in their ambitious pursuit. However, the further they travelled, the more vulnerable they made themselves, and trailblazers can only endeavour so far before coming into contact with Xenon fleets. The Gate Shutdown only accelerated the decline of the Tharka family when they found themselves stretched thin, cut off from any outside aid, and trapped with a Xenon presence.",ego_dlc_split
cluster_413_macro,195000000.0,0.0,112580000.0,Tharka's Ravine,"This system was first explored by the Split Patriarch Tharka, whose family were venturing into the unknown after the Argon Federation denied them access to the Boron territories. Tharka was once a powerful family, but conflicts with Patriarch Rhonkar and dwindling resources pushed them further and further into remote space. They were driven by the need to locate and settle planets rich in resources in order to repair their standing.\n\nTharka's Ravine  represents the furthest family Tharka have come in their ambitious pursuit. However, the further they travelled, the more vulnerable they made themselves, and trailblazers can only endeavour so far before coming into contact with Xenon fleets. The Gate Shutdown only accelerated the decline of the Tharka family when they found themselves stretched thin, cut off from any outside aid, and trapped with a Xenon presence.",ego_dlc_split
cluster_414_macro,-45000000.0,0.0,164540000.0,Rhy's Defiance,"This system used to be the home of the venerable Family Rhy. Patriarch Rhy was a proud and respected ruler who kept his subjects in line throughout the isolation brought upon them by the Gates shutting down. He maintained a tight network of allies, the most notable of which was the Patriarch of all Split, Rhonkar, whom Rhy served as a spymaster in his expansionist campaigns. Rhy could trust his patron to keep the other Split families from making moves against him. This secure situation changed considerably when the Gates reactivated again, and Rhy found himself in close proximity to Xenon territory.\n\nHe reached out to Rhonkar for help, but he soon realised that he was on his own. Patriarch Zyarth had overthrown Rhonkar and was looking to establish himself as the uncontested ruler of Split society. He offered Patriarch Rhy a helping hand, but only under the condition that he subject himself to Zyarth rule. The proud Patriarch refused the offer. Instead, he mounted a final defence against the encroaching Xenon invaders. Some Split subjects fled the system, looking to join the newly established Free Families, but most stood their ground until the very end.",ego_dlc_split
cluster_415_macro,-30000000.0,0.0,173200000.0,Matrix #598,"The Xenon presence in this system has long been the source of conflict within Split society. Opinions on how to deal with them differ widely between Patriarchs. Some welcome the challenge of battling such a viciously dangerous foe; others are frustrated at the fact that it seems impossible to win the war and eradicate the self-replicating machines in their entirety. They hold the belief that there is no honour in killing a thing without consciousness. Patriarch Zyarth recognises the Xenon in this system as a tool to put pressure on other Patriarchs and secure their obedience. Additionally, his vast experience in engaging the Xenon proved helpful to him when the time came to subjugate his rival Patriarchs in combat.",ego_dlc_split
cluster_416_macro,90000000.0,0.0,138560000.0,Guiding Star,"Initially, the Argon Federation rushed to claim this system for its resources in anticipation of a potential conflict with the Terran Navy. At first, the colonists were wary of the vulnerability their remote position brought with it, but since those early stages of settlement, they managed to developed a sizeable industry, capable of sustaining and defending the system despite the distance to the heart of the Federation.\n\nThis self-reliance would prove critical when the Jump Gates disrupted the exchange of supplies between Guiding Star  and the rest of the Federation. It also gave the colonists a fighting chance against Split families looking to gain a foothold in the system and enslaving its inhabitants.",ego_dlc_split
cluster_417_macro,75000000.0,0.0,164540000.0,Eleventh Hour,"An outpost colonised by the Argon refugees who got cut off from the Federation when the Jump Gates ceased to function. Its proximity to Split territory, small size, and its inherent vulnerability, make it a primary target for any Split family looking for easily obtained slave labour. Since the realignment, those Argon citizens who have not yet been captured or killed by the Split have widely started fleeing the system, looking towards the stability and security the Argon Federation can provide them. Many of these refugees are forced to leave behind everything they possess when they set out for safety. Only very few stoic or brave pioneers remain behind to face the encroaching Split.",ego_dlc_split
cluster_418_macro,0.0,0.0,138560000.0,Family Nhuut,"This sector is the home to Family Nhuut, a very powerful family that has risen to prominence only recently. They are notable for displaying a very militaristic and expansionist attitude, even for Split standards. They ruthlessly take over smaller families, and fold them into their own military, which is ceaselessly growing. Patriarch Zyarth has arranged an uneasy alliance with Nhuut, and heavily relies on their military backing to scare the smaller families into obedience. Many wonder if Zyarth would be able to reign in the Nhuut Family should these underlying tensions ever explode to the surface, or if his reckless reliance on them as his enforcers might lead to his undoing.",ego_dlc_split
cluster_419_macro,30000000.0,0.0,121240000.0,Open Market,"Open Market  is a system which accommodates some of the most remote trading outposts of the Teladi Company. The traders who made this system their home, are notoriously tough, and ruthless. This can be attributed to their close proximity to the Split families, and the lawlessness and piracy surrounding them. When Jump Gates shut down, the Teladi in this system were left to their own devices, and their conduct shifted further away from that of the regular Teladi Company. In order to survive the isolation, they increased trade with the Split and tailored their supply to the Split's needs for labour. Upon reconnecting with the larger Commonwealth, many Teladi from outside the system voiced their unease about their connection to the slave trade.",ego_dlc_split
cluster_420_macro,45000000.0,0.0,112580000.0,Two Grand,"This bustling system used to be crucial to the Teladi Company's expansionist efforts. It supported the passing Teladi ships on their way to more remote systems. However, after the Gates shut down and colonisation efforts took a back seat to survival, the Teladi inhabiting the system shifted their attention towards their second pillar of industry: The system's moon had long been a survival training ground for the Company's Profit Protection troops. The troops' administration received more research funding, and recruitment efforts were increased significantly.\n\nThis measure was taken first and foremost to ensure the system could defend itself against any possible outside threat, but after the Gate Realignment, these troops were on the front lines of exploring and claiming systems for the Teladi Company.",ego_dlc_split
cluster_421_macro,120000000.0,0.0,121240000.0,Fires of Defeat,"This system has always represented a gateway to the Split empire, due to it being the access point to various important families. Ever since the time of the reign of Thuruk, Patriarch of all Split, generations of Split have spilled blood in attempts to gain or hold control over the system. Most recently, it has become the main theatre in the conflict between Patriarch Zyarth and the Free Families. When the gates reconnected, the Free Families turned this system into its first line of defence against Zyarth. Patriarch Zyarth, however, is pushing into that space, and recently won a historic battle, delivering a crippling blow to the Free Families.",ego_dlc_split
cluster_422_macro,-135000000.0,0.0,147220000.0,Wretched Skies,"A lawless system on the outskirts of Patriarch Zyarth's dominion, inhabited by lesser Split families, the biggest of which are Valka and Phi, and Paranid colonists. It has always been surrounded by tales told of casualties so grave that large quantities of bodies can be observed scattered throughout, like another belt of fine asteroids ringing the gas giant. While these stories are hyperbolic and apocryphal, there is a kernel of truth to them. Wretched Skies  has always been used as a dump site by Split families, and is home to several Split prison colonies, housing disloyal family members. Most of the convicts are awaiting execution, which is carried out swiftly and efficiently by ejection into space.\n\nThe extraordinary body count is further compounded by occasional clashes between Split and Paranid forces. While the shutdown cut the Paranid colony off from the larger Godrealm, they have proven themselves to be resolute fighters worthy of the Patriarch's attention.",ego_dlc_split
cluster_423_macro,-165000000.0,0.0,147220000.0,Litany of Fury,"After the shutdown of the Jump Gates, the isolated Paranid in this region of space believed themselves outcast and cursed for some cardinal sin, and learned to shun the place that, legend had it, housed the Pontifex's lingering wrath. Only the most devout of the priesthood regularly wandered into the vicinity of the fiery blasts to commune with the Pontifex's presence and receive holy visions of the last moments before their people's violent separation from the rest of the empire. Upon returning from their journeys of deep and troubled contemplation, they would endow gracious gifts upon their brethren: long forgotten rituals and reconstructed holy writs from the old days, which the inward-looking parishes would invoke for their own protection. However, this delicate arrangement was overthrown when an increased frequency of Xenon incursions began disturbing the pilgrimages to sacred communion. With no voice to guide them, the parishes had no choice but to band together and flee through the Litany of Fury, as out of crimson skies a gate appeared that led them back into the fold of their long-lost brethren. They soon found that, in contrast to the Gate network, the empire had never unravelled, and that Priest Emperor Xaar would require their utmost dedication to defend these farthest reaches of the realm against the incursion.",ego_dlc_split
cluster_424_macro,-180000000.0,0.0,155880000.0,Emperor's Pride,"As the result of a disastrous encounter with a spatial anomaly, a Split expedition led by Mo t'Knt, a direct descendant of Thuruk, Patriarch of all Split, found themselves far away from their empire. Despite the considerable distance from the rest of the Split systems, they were able to build up a truly special, and impressively wealthy, community, in which they shared their riches freely. They made the green planet their home. Perhaps it was the great distance from the Split Empire, and other families' petty conflicts that made them grow peaceful and complacent.\n\nTheir dropped guard, and distance to the greater Split realm, would ultimately be their undoing, when Paranid hard-line religious fanatics invaded the system in pursuit of its abundant resources. They drove out or killed all of the Split colonists. But, as is so often the case, these invaders too, were not meant to last. Shortly before the gate shutdown, they were unexpectedly besieged by Xenon forces, and when the Godrealm of the Paranid was finally able to re-establish a connection, the scouts found the system devoid of their brethren.",ego_dlc_split
cluster_425_macro,165000000.0,0.0,147220000.0,Heart of Acrimony,"A system of great significance to the Free Families. While they have made an effort to distance themselves from the imperialist patriarchal structures of old, the Free Families still hold with the tradition of honouring their fallen Patriarchs. In a show of deference, they host a funeral procession, which is usually only attended by family members and most distinguished guests. At the culmination of the ceremony, a funeral ship is sent through an otherwise deactivated accelerator.\n\nDue to its relative distance to the Zyarth Patriarchy, this system is also a gathering place for various factions opposed to Zyarth's patriarchal rule.",ego_dlc_split
cluster_100_macro,-195000000.0,0.0,8660000.0,Sol,No information available,ego_dlc_terran
cluster_101_macro,-210000000.0,0.0,17320000.0,Sol,No information available,ego_dlc_terran
cluster_102_macro,-225000000.0,0.0,25980000.0,Sol,No information available,ego_dlc_terran
cluster_104_macro,-210000000.0,0.0,34640000.0,Sol,No information available,ego_dlc_terran
cluster_106_macro,-225000000.0,0.0,43300000.0,Sol,No information available,ego_dlc_terran
cluster_107_macro,-210000000.0,0.0,-17320000.0,Sol,No information available,ego_dlc_terran
cluster_108_macro,-225000000.0,0.0,-25980000.0,Sol,No information available,ego_dlc_terran
cluster_109_macro,-240000000.0,0.0,-34640000.0,Sol,No information available,ego_dlc_terran
cluster_110_macro,-225000000.0,0.0,-43300000.0,Sol,No information available,ego_dlc_terran
cluster_111_macro,-240000000.0,0.0,-51960000.0,Sol,"As humanity's original home, this system holds a unique place in the hearts of those who still live there. In the time since humankind first threw off the shackles of Earth's gravity, the Sol system has been meticulously explored and mapped out. The majority of the system was gradually made accessible through a vast array of accelerators, connecting even the remote outer planets. These enabled colonists to settle further and further from Earth, and soon most of the Sol system was claimed.\n\nThanks to the system's size, and the explorers' surveying efforts, the inhabitants of the Sol system have access to an abundant supply of natural resources, giving them complete autonomy. Being already mostly self-sufficient, the inhabitants of Sol did not struggle much in the isolation brought on by the Jump Gate shutdown.\n\nWhile the orbits of most planets have been populated, Mars, along with Earth and the Moon, are the most densely populated settlements. As a result, Sol's cultural and political landscapes revolve heavily around these three locations, and the Terran people are extremely protective of what they perceive to be the core of their system.",ego_dlc_terran
cluster_112_macro,-120000000.0,0.0,69280000.0,Savage Spur,"This system was once heavily infested by Kha'ak, and so remained mostly uninhabited apart from the occasional Paranid explorer who dared to encroach. Due to its secluded nature, the system was also rumoured to be a haven for ruthless pirates who tried to avoid outside scrutiny. Shortly before the Jump Gates shut down, a sizeable Xenon fleet entered the system and began decimating the Kha'ak presence. It is entirely plausible that unsuspecting pirates were caught in the crossfire and found themselves trapped in close proximity to the Xenon, unable to escape. One can only wonder how long they held out before they perished.",ego_dlc_terran
cluster_113_macro,-165000000.0,0.0,-77940000.0,Segaris,"During the Second Terraformer war, the people of Terranova fled their planet after the Xenon wreaked havoc on the ecosystem and made it unable to sustain life. Oddly, the Xenon attacks did little damage to the man-made structures there, and much of New Portsmouth, Terranova's principle settlement, was preserved. Many artefacts of daily life were left behind by those fleeing the planet at short notice.\n\nNow, the Segaris Pioneers are looking to reclaim Terranova for themselves, hoping that the artificial structures of New Portsmouth may offer some shelter from the harsh planetary environment. Alongside the debris and household items, many scientific and technical instruments were left behind, and the Pioneers hope to salvage and repurpose them for their own goals.",ego_dlc_terran
cluster_114_macro,-180000000.0,0.0,-86600000.0,Gaian Prophecy,"Gaian Prophecy was first discovered by Pioneer Initiative explorers venturing out of Brennan's Triumph. Soon after its discovery, it became a refuge for those Segaris Pioneers who were looking for a relatively secluded place to settle; this location fit the bill, as it was the only system in their territory which did not directly border any of the other established factions. More recently, as trade relations between the Antigone Republic and the Terran Protectorate have stabilised, the system has registered an increase in trade ships passing through on the way to their destinations.\n\nThe name of the system derives from its principle planet, Sutton, on which Pioneer scientists were able to observe many of the basic conditions that make colonisation possible. Initially, many Pioneers had hoped they had found a new home for their people on this Earth-analogue, but settling the planet turned out to be a much greater challenge than expected.",ego_dlc_terran
cluster_115_macro,-195000000.0,0.0,-77940000.0,Brennan's Triumph,"Originally connected to Earth via a Jump Gate, Brennan's Triumph's most significant planet, Taurus, was the first planet outside the Sol system to be colonised by human explorers. When they lost contact with Earth, most of these settlers would eventually travel further into the gate network to establish a government in Argon Prime.\n\nAfter the system's invasion and the tragic razing of Taurus during the First Terraformer War, the surviving colonists fled, leaving the system uninhabited. When the Xenon were pushed out of the system, Brennan's Triumph became a haven for piracy - most notably the organised slave trade - much to the dismay of the Argon Federation, who repeatedly attempted to put an end to this criminal activity. While the Argon Federation failed to regain control of the system, the Jump Gate shutdown would prove disastrous for the resident pirate groups. Since their economy relied exclusively on raiding neighbouring system, it completely collapsed when those systems became inaccessible.\n\nWhen the Terran government established a new connection between Neptune and Brennan's Triumph, they sent the Pioneer Initiative in to colonise the system. Now, the Segaris Pioneers are happy to have claimed it for themselves, despite its troubled history.",ego_dlc_terran
cluster_116_macro,-255000000.0,0.0,-60620000.0,Sol,No information available,ego_dlc_terran
cluster_701_macro,150000000.0,0.0,17320000.0,Mitsuno's Remembrance,"Rumours abound about the origins of Mitsuno's Remembrance, whispered tales of lost civilisations and fabled treasures hidden within its cosmic depths. Some speak of strange anomalies that defy explanation, while others tell of encounters with beings from beyond the stars, their intentions veiled in mystery.\n\nAt the heart of Mitsuno's Remembrance lies the legacy of Grandmother, a figure revered by the inhabitants of the system. Though little is documented about her, her presence is felt in every corner, from the ancient monuments that dot the landscape to the customs and traditions passed down through generations.",ego_dlc_timelines
cluster_702_macro,165000000.0,0.0,8660000.0,Mitsuno's Remembrance,"Rumours abound about the origins of Mitsuno's Remembrance, whispered tales of lost civilisations and fabled treasures hidden within its cosmic depths. Some speak of strange anomalies that defy explanation, while others tell of encounters with beings from beyond the stars, their intentions veiled in mystery.\n\nAt the heart of Mitsuno's Remembrance lies the legacy of Grandmother, a figure revered by the inhabitants of the system. Though little is documented about her, her presence is felt in every corner, from the ancient monuments that dot the landscape to the customs and traditions passed down through generations.",ego_dlc_timelines
cluster_703_macro,165000000.0,0.0,-8660000.0,Mitsuno's Remembrance,"Rumours abound about the origins of Mitsuno's Remembrance, whispered tales of lost civilisations and fabled treasures hidden within its cosmic depths. Some speak of strange anomalies that defy explanation, while others tell of encounters with beings from beyond the stars, their intentions veiled in mystery.\n\nAt the heart of Mitsuno's Remembrance lies the legacy of Grandmother, a figure revered by the inhabitants of the system. Though little is documented about her, her presence is felt in every corner, from the ancient monuments that dot the landscape to the customs and traditions passed down through generations.",ego_dlc_timelines
cluster_704_macro,15000000.0,0.0,60620000.0,President's End,"For years, the war with the Kha'ak ravaged President's End, causing untold damage and destruction, laying the sector entirely bare. The silent shells of the empty stations remained for two decades before settlers, largely survivors and their families who managed to flee early enough to avoid destruction, moved back in to start the reconstruction effort.\n\nFaced with the memories of the past, and the uncertain future ahead, the survivors built a memorial around the destroyed Kha'ak capital ship to those they had lost. This was not just a physical structure, but a testament to those that had fallen in defence of their home. As time has passed, and life has been restored to President's End, the memorial remains but has become less of a place of mourning and loss, and more a symbol of determination and hope.",ego_dlc_timelines
cluster_705_macro,-120000000.0,0.0,34640000.0,Nopileos' Memorial,"In the past, Nopileos' Memorial was known as a bustling cosmopolitan centre for commerce. During a major Xenon conflict, the sector suffered extensive damage and was left in ruins in the wake of devastating experimental Xenon weaponry. Since that unfortunate time, the inhabitants have slowly started returning to Nopileos' Memorial, and a resilient and hardy mining community has grown up around it.\n\nDue to its strategic location for trade, and its ongoing rebuilding, the sector has become infamous for its connection with smuggling. Whispered rumours abound about ties to the Paranid jewellery cartels, and tales are rife of the elusive smuggler, Lidya Halter, known as ""The Ghost"".",ego_dlc_timelines
cluster_706_macro,-105000000.0,0.0,25980000.0,Hatikvah's Faith,"As with so many other neighbouring sectors, Hatikvah's Faith suffered greatly from the Xenon conflict, leaving it empty of life until long after the war had concluded. The Xenon's destruction of a neighbouring system, by causing its twin suns to go nova, resulted in several sectors being uninhabitable for a long time. In the time since, intrepid, or sometimes desperate, colonists have attempted to rebuild civilisation. As in other sectors with similar stories, this has bred a community of stoic individuals, fiercely loyal to those who have given their lives in the past, and constantly trying to build a better future.",ego_dlc_timelines
cluster_708_macro,-45000000.0,0.0,95260000.0,Matrix #101,"Matrix #101 was long thought of as a Xenon stronghold, due to the increased Xenon activity in the area. However, this was soon disproved when excursions by the Argon Expeditionary forces managed to establish that the sector had a large number of wrecked ships but, apart from those guarding it, little Xenon activity.\n\nThere are many, often conflicting, theories about the nature of Matrix #101, the leading one being that the Xenon attempt to salvage all resources they can, and use this sector as a stockpile of those parts for future use. Some, however, ascribe more sentimental reasons to this, believing that the Xenon themselves have developed a soul, or belief of one, and are doing this to mourn their fallen brethren.",ego_dlc_timelines
